Fabric,Process,Problem,Causes,Recommended_Action,Chemical_Category,Product
Cotton Knit,Dyeing,Dull Shade,Low color depth; poor fixation; light scattering at fiber surface,Apply a color-enhancing resin finish after dyeing to deepen and brighten the shade,Shade Enhancer / Polishing Oil,POLISHING OIL AB-24K
Polyester,Dyeing,Dull Shade,Surface light scattering on synthetic fiber; insufficient brightening finish,Apply polishing oil by pad or spray to restore bluish deep shade and brightness,Shade Enhancer / Polishing Oil,POLISHING OIL AB-24K
Cotton Woven,Wet Processing,Crease Marks,High friction between fabric and machine surfaces during wet processing; hard twist yarn rubbing,Add a dyebath lubricant to reduce friction and prevent crease/friction marks,Dyebath Lubricant,RACSET IWN-88
Tencel / Rayon,Dyeing,Crease Marks,Hard twist yarn causing friction marks; poor fabric-to-machine glide in the dyebath,Use dyebath lubricant to allow smooth fabric running and prevent crease marks,Dyebath Lubricant,RACSET IWN-180 CONC
Synthetic Blend,Scouring,Crease Marks,Fabric folding and rubbing during wet scouring/bleaching; lack of anti-crease lubrication,Apply wet-softening agent with anti-crease properties during scouring/bleaching,Wet-Softening Agent,RACSET IWN
Polyester,Dyeing,Uneven Dyeing,Poor dye dispersion; uneven dye exhaustion across the fabric/yarn,Add a high-concentration dispersing and leveling agent to the dyebath to equalize dye uptake,Dispersing & Leveling Agent,NEW LEVELIN RD-10E
Cotton Knit,Dyeing,Uneven Dyeing,Hard twist yarn friction causing irregular dye pickup,Use dyebath lubricant to reduce friction-related dyeing irregularity,Dyebath Lubricant,RACSET IWN-88
Polyester Blend,Finishing,Low Softness,Resin/finish buildup leaving a harsh handle; no softening finish applied,"Apply softening agent to restore a smooth, soft hand feel",Softening Agent,HI-SOFTENER CT
Polyester Blend,Finishing,Low Softness,Stiff hand feel after dyeing with no conditioning step,Apply softening agent formulated for polyester blends,Softening Agent,DCOM 35-6
Mixed Fiber,Finishing,Low Softness,Need for both softness and smoothness without affecting other properties,Apply amino-silicone based softening and smoothing finish,Silicone Softener,TK Silicone AS-1020
Cotton Knit,Finishing,Poor Absorbency,Residual oils/waxes on fiber surface; hydrophobic finish blocking water uptake,Apply a water-absorbing softener to restore hydrophilicity while keeping a soft hand,Hydrophilic Softener,MTD-676
Polyester,Finishing,Poor Absorbency,Lack of durable hydrophilic finish; soil/dust adhering to fiber surface,Apply durable hydrophilic anti-soiling agent,Hydrophilic Finishing Agent,SOFTENER SR
Cotton / Synthetic Blend,Scouring,Poor Absorbency,"Natural oils, waxes, or sizing residues not fully removed during scouring",Use a low-foaming scouring and penetrating agent to clean the fiber surface before dyeing,Scouring Agent,SHINTOL CO-300
Spandex Blend,Scouring,Poor Absorbency,Incomplete removal of spinning oils on spandex-blended fabric reducing wetting,Apply scouring agent developed specifically for spandex-blended fabrics,Scouring Agent,SINTOL SD-115
Polyester,Dyeing,Shade Variation,Inconsistent dye exhaustion rate between batches/positions in the dyebath,Use a leveling agent to equalize dye uptake and reduce batch-to-batch shade variation,Dispersing & Leveling Agent,NEW LEVELIN RD-10E
Cotton Woven,Pre-treatment,Shade Variation,Poor and uneven wetting/penetration before dyeing leading to inconsistent shade,Apply wetting and penetrating agent during desizing/scouring/bleaching for uniform preparation,Wetting Agent,RACSET LA
Cotton,Bleaching,Yellowing,Metal ion contamination (iron/calcium) reacting with peroxide and causing discoloration,Apply a sequestering agent before bleaching to chelate metal ions and prevent yellow staining,Sequestering Agent,CHELET HC
Polyester,Dyeing,Yellowing,"Oligomer deposits on fiber/machine surfaces causing dull, yellowish staining",Use an oligomer dispersion and removal agent (soaping step) to clear deposits,Oligomer Removal Agent,TK-DSP 82N
